"Error_Model","ASV_Rank","ASV_Length","Read_Count","Relative_Abundance"
"Default Loess",1,1508,729,0.74
"Default Loess",2,1496,695,0.71
"Default Loess",3,1532,681,0.69
"Default Loess",4,1496,650,0.66
"Default Loess",5,1508,631,0.64
"Default Loess",6,1500,616,0.63
"Default Loess",7,1508,562,0.57
"Default Loess",8,1500,556,0.57
"Default Loess",9,1532,536,0.55
"Default Loess",10,1496,520,0.53
"Default Loess",11,1496,480,0.49
"Default Loess",12,1532,474,0.48
"Default Loess",13,1426,459,0.47
"Default Loess",14,1508,455,0.46
"Default Loess",15,1501,443,0.45
"Default Loess",16,1426,441,0.45
"Default Loess",17,1500,438,0.45
"Default Loess",18,1500,418,0.43
"Default Loess",19,1532,400,0.41
"Default Loess",20,1510,399,0.41
"Default Loess",21,1511,396,0.4
"Default Loess",22,1491,395,0.4
"Default Loess",23,1511,393,0.4
"Default Loess",24,1495,374,0.38
"Default Loess",25,1463,370,0.38
"Default Loess",26,1516,366,0.37
"Default Loess",27,1510,365,0.37
"Default Loess",28,1491,352,0.36
"Default Loess",29,1461,351,0.36
"Default Loess",30,1471,341,0.35
"Default Loess",31,1426,329,0.34
"Default Loess",32,1491,328,0.33
"Default Loess",33,1495,326,0.33
"Default Loess",34,1463,318,0.32
"Default Loess",35,1426,312,0.32
"Default Loess",36,1510,308,0.31
"Default Loess",37,1461,299,0.3
"Default Loess",38,1487,299,0.3
"Default Loess",39,1520,298,0.3
"Default Loess",40,1508,294,0.3
"Default Loess",41,1471,292,0.3
"Default Loess",42,1486,283,0.29
"Default Loess",43,1520,279,0.28
"Default Loess",44,1508,271,0.28
"Default Loess",45,1516,270,0.28
"Default Loess",46,1491,267,0.27
"Default Loess",47,1463,264,0.27
"Default Loess",48,1471,264,0.27
"Default Loess",49,1510,260,0.26
"Default Loess",50,1495,260,0.26
"Default Loess",51,1508,259,0.26
"Default Loess",52,1516,259,0.26
"Default Loess",53,1520,257,0.26
"Default Loess",54,1496,253,0.26
"Default Loess",55,1508,252,0.26
"Default Loess",56,1508,250,0.25
"Default Loess",57,1463,246,0.25
"Default Loess",58,1510,245,0.25
"Default Loess",59,1501,244,0.25
"Default Loess",60,1510,244,0.25
"Default Loess",61,1495,243,0.25
"Default Loess",62,1461,242,0.25
"Default Loess",63,1496,242,0.25
"Default Loess",64,1496,242,0.25
"Default Loess",65,1516,236,0.24
"Default Loess",66,1471,235,0.24
"Default Loess",67,1500,233,0.24
"Default Loess",68,1484,233,0.24
"Default Loess",69,1461,232,0.24
"Default Loess",70,1532,230,0.23
"Default Loess",71,1532,229,0.23
"Default Loess",72,1495,229,0.23
"Default Loess",73,1508,228,0.23
"Default Loess",74,1500,228,0.23
"Default Loess",75,1532,226,0.23
"Default Loess",76,1484,226,0.23
"Default Loess",77,1471,225,0.23
"Default Loess",78,1501,223,0.23
"Default Loess",79,1510,223,0.23
"Default Loess",80,1532,221,0.23
"Default Loess",81,1508,221,0.23
"Default Loess",82,1516,219,0.22
"Default Loess",83,1510,219,0.22
"Default Loess",84,1484,218,0.22
"Default Loess",85,1487,217,0.22
"Default Loess",86,1500,216,0.22
"Default Loess",87,1496,213,0.22
"Default Loess",88,1510,211,0.22
"Default Loess",89,1516,211,0.22
"Default Loess",90,1495,210,0.21
"Default Loess",91,1484,210,0.21
"Default Loess",92,1495,210,0.21
"Default Loess",93,1487,210,0.21
"Default Loess",94,1500,208,0.21
"Default Loess",95,1510,208,0.21
"Default Loess",96,1516,208,0.21
"Default Loess",97,1516,208,0.21
"Default Loess",98,1511,207,0.21
"Default Loess",99,1461,205,0.21
"Default Loess",100,1516,204,0.21
"Default Loess",101,1501,204,0.21
"Default Loess",102,1532,203,0.21
"Default Loess",103,1520,203,0.21
"Default Loess",104,1426,202,0.21
"Default Loess",105,1508,200,0.2
"Default Loess",106,1484,200,0.2
"Default Loess",107,1500,199,0.2
"Default Loess",108,1489,199,0.2
"Default Loess",109,1532,198,0.2
"Default Loess",110,1491,197,0.2
"Default Loess",111,1501,197,0.2
"Default Loess",112,1500,196,0.2
"Default Loess",113,1501,194,0.2
"Default Loess",114,1511,194,0.2
"Default Loess",115,1496,193,0.2
"Default Loess",116,1463,193,0.2
"Default Loess",117,1532,193,0.2
"Default Loess",118,1510,193,0.2
"Default Loess",119,1496,191,0.19
"Default Loess",120,1487,191,0.19
"Default Loess",121,1510,191,0.19
"Default Loess",122,1496,190,0.19
"Default Loess",123,1516,190,0.19
"Default Loess",124,1495,190,0.19
"Default Loess",125,1500,190,0.19
"Default Loess",126,1508,189,0.19
"Default Loess",127,1500,189,0.19
"Default Loess",128,1520,187,0.19
"Default Loess",129,1491,187,0.19
"Default Loess",130,1501,187,0.19
"Default Loess",131,1495,186,0.19
"Default Loess",132,1487,186,0.19
"Default Loess",133,1484,186,0.19
"Default Loess",134,1501,186,0.19
"Default Loess",135,1500,183,0.19
"Default Loess",136,1500,183,0.19
"Default Loess",137,1508,182,0.19
"Default Loess",138,1501,182,0.19
"Default Loess",139,1487,182,0.19
"Default Loess",140,1501,182,0.19
"Default Loess",141,1501,181,0.18
"Default Loess",142,1501,181,0.18
"Default Loess",143,1426,180,0.18
"Default Loess",144,1510,180,0.18
"Default Loess",145,1461,179,0.18
"Default Loess",146,1471,179,0.18
"Default Loess",147,1496,179,0.18
"Default Loess",148,1510,177,0.18
"Default Loess",149,1461,176,0.18
"Default Loess",150,1501,176,0.18
"Default Loess",151,1510,176,0.18
"Default Loess",152,1511,176,0.18
"Default Loess",153,1471,175,0.18
"Default Loess",154,1532,174,0.18
"Default Loess",155,1516,174,0.18
"Default Loess",156,1501,174,0.18
"Default Loess",157,1496,173,0.18
"Default Loess",158,1496,173,0.18
"Default Loess",159,1461,172,0.18
"Default Loess",160,1487,172,0.18
"Default Loess",161,1520,172,0.18
"Default Loess",162,1520,170,0.17
"Default Loess",163,1489,170,0.17
"Default Loess",164,1487,170,0.17
"Default Loess",165,1510,170,0.17
"Default Loess",166,1484,169,0.17
"Default Loess",167,1484,169,0.17
"Default Loess",168,1471,169,0.17
"Default Loess",169,1471,168,0.17
"Default Loess",170,1532,168,0.17
"Default Loess",171,1495,167,0.17
"Default Loess",172,1491,167,0.17
"Default Loess",173,1508,167,0.17
"Default Loess",174,1510,167,0.17
"Default Loess",175,1508,166,0.17
"Default Loess",176,1491,166,0.17
"Default Loess",177,1532,166,0.17
"Default Loess",178,1500,164,0.17
"Default Loess",179,1471,164,0.17
"Default Loess",180,1510,164,0.17
"Default Loess",181,1461,163,0.17
"Default Loess",182,1516,163,0.17
"Default Loess",183,1511,162,0.17
"Default Loess",184,1487,162,0.17
"Default Loess",185,1491,162,0.17
"Default Loess",186,1516,162,0.17
"Default Loess",187,1471,162,0.17
"Default Loess",188,1510,161,0.16
"Default Loess",189,1471,160,0.16
"Default Loess",190,1426,159,0.16
"Default Loess",191,1500,159,0.16
"Default Loess",192,1471,159,0.16
"Default Loess",193,1463,158,0.16
"Default Loess",194,1511,158,0.16
"Default Loess",195,1501,158,0.16
"Default Loess",196,1487,157,0.16
"Default Loess",197,1463,156,0.16
"Default Loess",198,1461,155,0.16
"Default Loess",199,1500,155,0.16
"Default Loess",200,1426,155,0.16
"Default Loess",201,1463,155,0.16
"Default Loess",202,1495,155,0.16
"Default Loess",203,1487,155,0.16
"Default Loess",204,1471,155,0.16
"Default Loess",205,1496,154,0.16
"Default Loess",206,1496,154,0.16
"Default Loess",207,1426,153,0.16
"Default Loess",208,1471,153,0.16
"Default Loess",209,1471,152,0.15
"Default Loess",210,1510,152,0.15
"Default Loess",211,1426,151,0.15
"Default Loess",212,1496,151,0.15
"Default Loess",213,1426,151,0.15
"Default Loess",214,1508,151,0.15
"Default Loess",215,1516,151,0.15
"Default Loess",216,1501,151,0.15
"Default Loess",217,1516,150,0.15
"Default Loess",218,1511,150,0.15
"Default Loess",219,1471,150,0.15
"Default Loess",220,1510,150,0.15
"Default Loess",221,1484,150,0.15
"Default Loess",222,1471,150,0.15
"Default Loess",223,1510,149,0.15
"Default Loess",224,1511,149,0.15
"Default Loess",225,1496,149,0.15
"Default Loess",226,1511,148,0.15
"Default Loess",227,1508,148,0.15
"Default Loess",228,1496,148,0.15
"Default Loess",229,1496,148,0.15
"Default Loess",230,1487,148,0.15
"Default Loess",231,1501,148,0.15
"Default Loess",232,1500,148,0.15
"Default Loess",233,1495,148,0.15
"Default Loess",234,1532,147,0.15
"Default Loess",235,1511,146,0.15
"Default Loess",236,1510,145,0.15
"Default Loess",237,1500,145,0.15
"Default Loess",238,1516,145,0.15
"Default Loess",239,1487,143,0.15
"Default Loess",240,1489,143,0.15
"Default Loess",241,1491,143,0.15
"Default Loess",242,1463,143,0.15
"Default Loess",243,1471,143,0.15
"Default Loess",244,1501,143,0.15
"Default Loess",245,1500,142,0.14
"Default Loess",246,1461,141,0.14
"Default Loess",247,1508,141,0.14
"Default Loess",248,1484,141,0.14
"Default Loess",249,1516,141,0.14
"Default Loess",250,1501,141,0.14
"Default Loess",251,1511,140,0.14
"Default Loess",252,1487,140,0.14
"Default Loess",253,1500,140,0.14
"Default Loess",254,1532,140,0.14
"Default Loess",255,1510,140,0.14
"Default Loess",256,1487,139,0.14
"Default Loess",257,1510,139,0.14
"Default Loess",258,1496,139,0.14
"Default Loess",259,1501,138,0.14
"Default Loess",260,1491,138,0.14
"Default Loess",261,1461,138,0.14
"Default Loess",262,1510,138,0.14
"Default Loess",263,1495,138,0.14
"Default Loess",264,1508,137,0.14
"Default Loess",265,1495,137,0.14
"Default Loess",266,1516,136,0.14
"Default Loess",267,1426,136,0.14
"Default Loess",268,1463,136,0.14
"Default Loess",269,1487,136,0.14
"Default Loess",270,1532,135,0.14
"Default Loess",271,1520,135,0.14
"Default Loess",272,1516,134,0.14
"Default Loess",273,1511,134,0.14
"Default Loess",274,1501,134,0.14
"Default Loess",275,1508,134,0.14
"Default Loess",276,1511,134,0.14
"Default Loess",277,1487,133,0.14
"Default Loess",278,1532,133,0.14
"Default Loess",279,1461,133,0.14
"Default Loess",280,1484,133,0.14
"Default Loess",281,1461,133,0.14
"Default Loess",282,1508,132,0.13
"Default Loess",283,1532,132,0.13
"Default Loess",284,1463,132,0.13
"Default Loess",285,1511,132,0.13
"Default Loess",286,1487,131,0.13
"Default Loess",287,1461,131,0.13
"Default Loess",288,1516,130,0.13
"Default Loess",289,1491,130,0.13
"Default Loess",290,1532,129,0.13
"Default Loess",291,1511,129,0.13
"Default Loess",292,1487,129,0.13
"Default Loess",293,1501,129,0.13
"Default Loess",294,1532,128,0.13
"Default Loess",295,1426,128,0.13
"Default Loess",296,1511,128,0.13
"Default Loess",297,1510,128,0.13
"Default Loess",298,1510,128,0.13
"Default Loess",299,1532,127,0.13
"Default Loess",300,1532,127,0.13
"Default Loess",301,1426,127,0.13
"Default Loess",302,1532,126,0.13
"Default Loess",303,1463,126,0.13
"Default Loess",304,1516,126,0.13
"Default Loess",305,1516,126,0.13
"Default Loess",306,1520,126,0.13
"Default Loess",307,1491,126,0.13
"Default Loess",308,1471,126,0.13
"Default Loess",309,1461,125,0.13
"Default Loess",310,1487,125,0.13
"Default Loess",311,1510,125,0.13
"Default Loess",312,1520,124,0.13
"Default Loess",313,1516,124,0.13
"Default Loess",314,1461,124,0.13
"Default Loess",315,1471,124,0.13
"Default Loess",316,1496,123,0.13
"Default Loess",317,1487,123,0.13
"Default Loess",318,1520,123,0.13
"Default Loess",319,1495,123,0.13
"Default Loess",320,1487,122,0.12
"Default Loess",321,1463,122,0.12
"Default Loess",322,1487,122,0.12
"Default Loess",323,1471,122,0.12
"Default Loess",324,1496,121,0.12
"Default Loess",325,1426,121,0.12
"Default Loess",326,1471,121,0.12
"Default Loess",327,1500,120,0.12
"Default Loess",328,1487,120,0.12
"Default Loess",329,1471,120,0.12
"Default Loess",330,1471,120,0.12
"Default Loess",331,1489,119,0.12
"Default Loess",332,1501,119,0.12
"Default Loess",333,1487,119,0.12
"Default Loess",334,1500,118,0.12
"Default Loess",335,1508,118,0.12
"Default Loess",336,1508,118,0.12
"Default Loess",337,1471,118,0.12
"Default Loess",338,1495,118,0.12
"Default Loess",339,1516,118,0.12
"Default Loess",340,1516,118,0.12
"Default Loess",341,1461,117,0.12
"Default Loess",342,1491,117,0.12
"Default Loess",343,1471,117,0.12
"Default Loess",344,1471,117,0.12
"Default Loess",345,1463,116,0.12
"Default Loess",346,1511,116,0.12
"Default Loess",347,1511,116,0.12
"Default Loess",348,1496,115,0.12
"Default Loess",349,1484,115,0.12
"Default Loess",350,1510,115,0.12
"Default Loess",351,1461,115,0.12
"Default Loess",352,1490,115,0.12
"Default Loess",353,1487,114,0.12
"Default Loess",354,1520,114,0.12
"Default Loess",355,1461,114,0.12
"Default Loess",356,1516,114,0.12
"Default Loess",357,1491,113,0.12
"Default Loess",358,1532,113,0.12
"Default Loess",359,1501,113,0.12
"Default Loess",360,1500,113,0.12
"Default Loess",361,1511,113,0.12
"Default Loess",362,1495,112,0.11
"Default Loess",363,1508,112,0.11
"Default Loess",364,1471,112,0.11
"Default Loess",365,1426,111,0.11
"Default Loess",366,1487,111,0.11
"Default Loess",367,1487,111,0.11
"Default Loess",368,1516,111,0.11
"Default Loess",369,1487,110,0.11
"Default Loess",370,1520,110,0.11
"Default Loess",371,1461,110,0.11
"Default Loess",372,1487,109,0.11
"Default Loess",373,1461,109,0.11
"Default Loess",374,1508,109,0.11
"Default Loess",375,1510,109,0.11
"Default Loess",376,1487,109,0.11
"Default Loess",377,1471,109,0.11
"Default Loess",378,1516,108,0.11
"Default Loess",379,1511,108,0.11
"Default Loess",380,1500,108,0.11
"Default Loess",381,1532,107,0.11
"Default Loess",382,1495,107,0.11
"Default Loess",383,1426,106,0.11
"Default Loess",384,1511,106,0.11
"Default Loess",385,1471,106,0.11
"Default Loess",386,1487,106,0.11
"Default Loess",387,1461,106,0.11
"Default Loess",388,1516,106,0.11
"Default Loess",389,1501,106,0.11
"Default Loess",390,1500,105,0.11
"Default Loess",391,1463,105,0.11
"Default Loess",392,1500,105,0.11
"Default Loess",393,1461,104,0.11
"Default Loess",394,1426,104,0.11
"Default Loess",395,1511,103,0.1
"Default Loess",396,1508,103,0.1
"Default Loess",397,1495,103,0.1
"Default Loess",398,1463,103,0.1
"Default Loess",399,1495,103,0.1
"Default Loess",400,1501,103,0.1
"Default Loess",401,1463,102,0.1
"Default Loess",402,1495,102,0.1
"Default Loess",403,1489,102,0.1
"Default Loess",404,1495,102,0.1
"Default Loess",405,1510,102,0.1
"Default Loess",406,1516,101,0.1
"Default Loess",407,1491,101,0.1
"Default Loess",408,1471,101,0.1
"Default Loess",409,1500,100,0.1
"Default Loess",410,1516,100,0.1
"Default Loess",411,1495,100,0.1
"Default Loess",412,1471,100,0.1
"Default Loess",413,1461,99,0.1
"Default Loess",414,1532,99,0.1
"Default Loess",415,1426,99,0.1
"Default Loess",416,1520,99,0.1
"Default Loess",417,1471,99,0.1
"Default Loess",418,1471,99,0.1
"Default Loess",419,1510,98,0.1
"Default Loess",420,1463,98,0.1
"Default Loess",421,1491,98,0.1
"Default Loess",422,1471,98,0.1
"Default Loess",423,1461,98,0.1
"Default Loess",424,1487,98,0.1
"Default Loess",425,1487,97,0.1
"Default Loess",426,1516,97,0.1
"Default Loess",427,1491,97,0.1
"Default Loess",428,1532,97,0.1
"Default Loess",429,1471,97,0.1
"Default Loess",430,1511,97,0.1
"Default Loess",431,1426,96,0.1
"Default Loess",432,1501,96,0.1
"Default Loess",433,1520,95,0.1
"Default Loess",434,1461,95,0.1
"Default Loess",435,1491,94,0.1
"Default Loess",436,1426,94,0.1
"Default Loess",437,1520,94,0.1
"Default Loess",438,1461,94,0.1
"Default Loess",439,1463,94,0.1
"Default Loess",440,1463,94,0.1
"Default Loess",441,1471,94,0.1
"Default Loess",442,1532,93,0.09
"Default Loess",443,1516,93,0.09
"Default Loess",444,1426,93,0.09
"Default Loess",445,1510,93,0.09
"Default Loess",446,1487,93,0.09
"Default Loess",447,1471,93,0.09
"Default Loess",448,1491,92,0.09
"Default Loess",449,1461,92,0.09
"Default Loess",450,1461,92,0.09
"Default Loess",451,1471,92,0.09
"Default Loess",452,1511,92,0.09
"Default Loess",453,1511,91,0.09
"Default Loess",454,1495,91,0.09
"Default Loess",455,1510,91,0.09
"Default Loess",456,1471,91,0.09
"Default Loess",457,1508,91,0.09
"Default Loess",458,1501,91,0.09
"Default Loess",459,1489,91,0.09
"Default Loess",460,1487,90,0.09
"Default Loess",461,1511,90,0.09
"Default Loess",462,1511,90,0.09
"Default Loess",463,1487,89,0.09
"Default Loess",464,1426,89,0.09
"Default Loess",465,1461,89,0.09
"Default Loess",466,1516,88,0.09
"Default Loess",467,1500,88,0.09
"Default Loess",468,1487,88,0.09
"Default Loess",469,1471,88,0.09
"Default Loess",470,1508,88,0.09
"Default Loess",471,1471,88,0.09
"Default Loess",472,1471,87,0.09
"Default Loess",473,1496,87,0.09
"Default Loess",474,1508,87,0.09
"Default Loess",475,1471,87,0.09
"Default Loess",476,1471,87,0.09
"Default Loess",477,1510,86,0.09
"Default Loess",478,1532,86,0.09
"Default Loess",479,1471,86,0.09
"Default Loess",480,1510,85,0.09
"Default Loess",481,1471,85,0.09
"Default Loess",482,1496,84,0.09
"Default Loess",483,1496,84,0.09
"Default Loess",484,1471,84,0.09
"Default Loess",485,1501,84,0.09
"Default Loess",486,1471,83,0.08
"Default Loess",487,1508,83,0.08
"Default Loess",488,1510,83,0.08
"Default Loess",489,1484,83,0.08
"Default Loess",490,1532,83,0.08
"Default Loess",491,1471,83,0.08
"Default Loess",492,1501,83,0.08
"Default Loess",493,1461,82,0.08
"Default Loess",494,1491,82,0.08
"Default Loess",495,1508,82,0.08
"Default Loess",496,1508,82,0.08
"Default Loess",497,1532,82,0.08
"Default Loess",498,1484,82,0.08
"Default Loess",499,1510,82,0.08
"Default Loess",500,1487,81,0.08
"Default Loess",501,1471,81,0.08
"Default Loess",502,1496,80,0.08
"Default Loess",503,1516,80,0.08
"Default Loess",504,1471,80,0.08
"Default Loess",505,1487,80,0.08
"Default Loess",506,1461,79,0.08
"Default Loess",507,1520,79,0.08
"Default Loess",508,1484,79,0.08
"Default Loess",509,1471,79,0.08
"Default Loess",510,1508,78,0.08
"Default Loess",511,1426,78,0.08
"Default Loess",512,1426,78,0.08
"Default Loess",513,1501,78,0.08
"Default Loess",514,1508,77,0.08
"Default Loess",515,1491,77,0.08
"Default Loess",516,1508,77,0.08
"Default Loess",517,1511,77,0.08
"Default Loess",518,1501,77,0.08
"Default Loess",519,1508,76,0.08
"Default Loess",520,1520,76,0.08
"Default Loess",521,1487,76,0.08
"Default Loess",522,1501,75,0.08
"Default Loess",523,1491,75,0.08
"Default Loess",524,1496,75,0.08
"Default Loess",525,1532,75,0.08
"Default Loess",526,1501,75,0.08
"Default Loess",527,1511,75,0.08
"Default Loess",528,1501,75,0.08
"Default Loess",529,1501,75,0.08
"Default Loess",530,1461,74,0.08
"Default Loess",531,1510,74,0.08
"Default Loess",532,1487,74,0.08
"Default Loess",533,1508,73,0.07
"Default Loess",534,1511,73,0.07
"Default Loess",535,1520,73,0.07
"Default Loess",536,1511,73,0.07
"Default Loess",537,1426,72,0.07
"Default Loess",538,1500,71,0.07
"Default Loess",539,1487,71,0.07
"Default Loess",540,1471,71,0.07
"Default Loess",541,1496,71,0.07
"Default Loess",542,1510,71,0.07
"Default Loess",543,1511,71,0.07
"Default Loess",544,1487,71,0.07
"Default Loess",545,1510,71,0.07
"Default Loess",546,1500,70,0.07
"Default Loess",547,1532,69,0.07
"Default Loess",548,1532,69,0.07
"Default Loess",549,1516,69,0.07
"Default Loess",550,1471,69,0.07
"Default Loess",551,1501,69,0.07
"Default Loess",552,1495,69,0.07
"Default Loess",553,1471,69,0.07
"Default Loess",554,1487,69,0.07
"Default Loess",555,1487,69,0.07
"Default Loess",556,1471,68,0.07
"Default Loess",557,1426,68,0.07
"Default Loess",558,1508,68,0.07
"Default Loess",559,1500,68,0.07
"Default Loess",560,1487,68,0.07
"Default Loess",561,1500,68,0.07
"Default Loess",562,1500,67,0.07
"Default Loess",563,1471,67,0.07
"Default Loess",564,1426,67,0.07
"Default Loess",565,1426,67,0.07
"Default Loess",566,1471,67,0.07
"Default Loess",567,1500,67,0.07
"Default Loess",568,1491,67,0.07
"Default Loess",569,1496,66,0.07
"Default Loess",570,1516,66,0.07
"Default Loess",571,1426,65,0.07
"Default Loess",572,1487,65,0.07
"Default Loess",573,1487,65,0.07
"Default Loess",574,1487,65,0.07
"Default Loess",575,1491,65,0.07
"Default Loess",576,1532,64,0.07
"Default Loess",577,1496,64,0.07
"Default Loess",578,1500,64,0.07
"Default Loess",579,1495,64,0.07
"Default Loess",580,1532,64,0.07
"Default Loess",581,1516,64,0.07
"Default Loess",582,1463,64,0.07
"Default Loess",583,1511,64,0.07
"Default Loess",584,1501,64,0.07
"Default Loess",585,1461,63,0.06
"Default Loess",586,1463,63,0.06
"Default Loess",587,1500,63,0.06
"Default Loess",588,1510,63,0.06
"Default Loess",589,1496,63,0.06
"Default Loess",590,1516,63,0.06
"Default Loess",591,1510,63,0.06
"Default Loess",592,1461,63,0.06
"Default Loess",593,1496,62,0.06
"Default Loess",594,1463,62,0.06
"Default Loess",595,1463,62,0.06
"Default Loess",596,1426,62,0.06
"Default Loess",597,1489,62,0.06
"Default Loess",598,1426,62,0.06
"Default Loess",599,1484,62,0.06
"Default Loess",600,1487,62,0.06
"Default Loess",601,1516,62,0.06
"Default Loess",602,1532,61,0.06
"Default Loess",603,1510,61,0.06
"Default Loess",604,1471,61,0.06
"Default Loess",605,1471,61,0.06
"Default Loess",606,1496,61,0.06
"Default Loess",607,1461,60,0.06
"Default Loess",608,1501,60,0.06
"Default Loess",609,1511,60,0.06
"Default Loess",610,1461,59,0.06
"Default Loess",611,1516,59,0.06
"Default Loess",612,1487,59,0.06
"Default Loess",613,1495,59,0.06
"Default Loess",614,1500,58,0.06
"Default Loess",615,1471,58,0.06
"Default Loess",616,1461,58,0.06
"Default Loess",617,1495,58,0.06
"Default Loess",618,1490,58,0.06
"Default Loess",619,1471,57,0.06
"Default Loess",620,1495,57,0.06
"Default Loess",621,1463,57,0.06
"Default Loess",622,1471,57,0.06
"Default Loess",623,1487,57,0.06
"Default Loess",624,1487,57,0.06
"Default Loess",625,1471,57,0.06
"Default Loess",626,1490,57,0.06
"Default Loess",627,1510,56,0.06
"Default Loess",628,1516,56,0.06
"Default Loess",629,1463,56,0.06
"Default Loess",630,1516,56,0.06
"Default Loess",631,1511,56,0.06
"Default Loess",632,1500,56,0.06
"Default Loess",633,1516,56,0.06
"Default Loess",634,1426,56,0.06
"Default Loess",635,1516,56,0.06
"Default Loess",636,1516,56,0.06
"Default Loess",637,1487,56,0.06
"Default Loess",638,1510,56,0.06
"Default Loess",639,1490,56,0.06
"Default Loess",640,1463,55,0.06
"Default Loess",641,1516,55,0.06
"Default Loess",642,1495,55,0.06
"Default Loess",643,1510,55,0.06
"Default Loess",644,1520,54,0.06
"Default Loess",645,1471,52,0.05
"Default Loess",646,1532,52,0.05
"Default Loess",647,1496,52,0.05
"Default Loess",648,1510,52,0.05
"Default Loess",649,1487,52,0.05
"Default Loess",650,1461,52,0.05
"Default Loess",651,1461,51,0.05
"Default Loess",652,1520,51,0.05
"Default Loess",653,1516,51,0.05
"Default Loess",654,1471,51,0.05
"Default Loess",655,1510,51,0.05
"Default Loess",656,1510,51,0.05
"Default Loess",657,1489,51,0.05
"Default Loess",658,1461,51,0.05
"Default Loess",659,1495,51,0.05
"Default Loess",660,1463,50,0.05
"Default Loess",661,1484,50,0.05
"Default Loess",662,1461,50,0.05
"Default Loess",663,1495,50,0.05
"Default Loess",664,1491,50,0.05
"Default Loess",665,1487,50,0.05
"Default Loess",666,1500,50,0.05
"Default Loess",667,1496,49,0.05
"Default Loess",668,1461,49,0.05
"Default Loess",669,1491,49,0.05
"Default Loess",670,1491,49,0.05
"Default Loess",671,1461,49,0.05
"Default Loess",672,1508,49,0.05
"Default Loess",673,1491,49,0.05
"Default Loess",674,1532,49,0.05
"Default Loess",675,1520,48,0.05
"Default Loess",676,1496,48,0.05
"Default Loess",677,1532,48,0.05
"Default Loess",678,1426,48,0.05
"Default Loess",679,1426,48,0.05
"Default Loess",680,1501,48,0.05
"Default Loess",681,1508,48,0.05
"Default Loess",682,1463,48,0.05
"Default Loess",683,1510,47,0.05
"Default Loess",684,1487,47,0.05
"Default Loess",685,1495,47,0.05
"Default Loess",686,1487,47,0.05
"Default Loess",687,1508,46,0.05
"Default Loess",688,1491,46,0.05
"Default Loess",689,1496,46,0.05
"Default Loess",690,1491,46,0.05
"Default Loess",691,1508,46,0.05
"Default Loess",692,1510,46,0.05
"Default Loess",693,1500,46,0.05
"Default Loess",694,1461,46,0.05
"Default Loess",695,1471,46,0.05
"Default Loess",696,1496,46,0.05
"Default Loess",697,1508,45,0.05
"Default Loess",698,1532,45,0.05
"Default Loess",699,1500,44,0.04
"Default Loess",700,1532,43,0.04
"Default Loess",701,1520,43,0.04
"Default Loess",702,1461,43,0.04
"Default Loess",703,1426,43,0.04
"Default Loess",704,1510,43,0.04
"Default Loess",705,1491,43,0.04
"Default Loess",706,1487,43,0.04
"Default Loess",707,1487,43,0.04
"Default Loess",708,1532,42,0.04
"Default Loess",709,1500,42,0.04
"Default Loess",710,1487,42,0.04
"Default Loess",711,1471,42,0.04
"Default Loess",712,1471,42,0.04
"Default Loess",713,1516,41,0.04
"Default Loess",714,1489,41,0.04
"Default Loess",715,1461,41,0.04
"Default Loess",716,1426,41,0.04
"Default Loess",717,1510,40,0.04
"Default Loess",718,1532,40,0.04
"Default Loess",719,1532,40,0.04
"Default Loess",720,1463,39,0.04
"Default Loess",721,1461,39,0.04
"Default Loess",722,1496,39,0.04
"Default Loess",723,1491,38,0.04
"Default Loess",724,1500,37,0.04
"Default Loess",725,1495,37,0.04
"Default Loess",726,1487,36,0.04
"Default Loess",727,1495,36,0.04
"Default Loess",728,1471,36,0.04
"Default Loess",729,1495,36,0.04
"Default Loess",730,1461,34,0.03
"Default Loess",731,1471,33,0.03
"Default Loess",732,1511,33,0.03
"Default Loess",733,1471,33,0.03
"Default Loess",734,1508,32,0.03
"Default Loess",735,1461,32,0.03
"Default Loess",736,1471,32,0.03
"Default Loess",737,1511,32,0.03
"Default Loess",738,1426,30,0.03
"Default Loess",739,1500,30,0.03
"Default Loess",740,1487,30,0.03
"Default Loess",741,1471,29,0.03
"Default Loess",742,1495,28,0.03
"Default Loess",743,1471,27,0.03
"Default Loess",744,1491,27,0.03
"Default Loess",745,1510,26,0.03
"Default Loess",746,1496,26,0.03
"Default Loess",747,1426,26,0.03
"Default Loess",748,1491,26,0.03
"Default Loess",749,1501,25,0.03
"Default Loess",750,1508,24,0.02
"Default Loess",751,1471,24,0.02
"Default Loess",752,1501,23,0.02
"Default Loess",753,1461,22,0.02
"Default Loess",754,1461,20,0.02
"Default Loess",755,1471,19,0.02
"Default Loess",756,1471,19,0.02
"Default Loess",757,1461,15,0.02
"Custom Loess",1,1508,729,0.75
"Custom Loess",2,1496,695,0.71
"Custom Loess",3,1532,681,0.7
"Custom Loess",4,1496,651,0.67
"Custom Loess",5,1508,631,0.65
"Custom Loess",6,1500,617,0.63
"Custom Loess",7,1508,562,0.57
"Custom Loess",8,1500,556,0.57
"Custom Loess",9,1532,536,0.55
"Custom Loess",10,1496,520,0.53
"Custom Loess",11,1510,507,0.52
"Custom Loess",12,1496,480,0.49
"Custom Loess",13,1532,474,0.48
"Custom Loess",14,1426,460,0.47
"Custom Loess",15,1520,456,0.47
"Custom Loess",16,1508,455,0.47
"Custom Loess",17,1426,441,0.45
"Custom Loess",18,1500,438,0.45
"Custom Loess",19,1500,418,0.43
"Custom Loess",20,1532,401,0.41
"Custom Loess",21,1510,399,0.41
"Custom Loess",22,1491,395,0.4
"Custom Loess",23,1495,374,0.38
"Custom Loess",24,1463,370,0.38
"Custom Loess",25,1516,366,0.37
"Custom Loess",26,1511,365,0.37
"Custom Loess",27,1491,352,0.36
"Custom Loess",28,1461,351,0.36
"Custom Loess",29,1510,340,0.35
"Custom Loess",30,1426,328,0.34
"Custom Loess",31,1491,328,0.34
"Custom Loess",32,1495,326,0.33
"Custom Loess",33,1463,317,0.32
"Custom Loess",34,1426,312,0.32
"Custom Loess",35,1461,299,0.31
"Custom Loess",36,1487,299,0.31
"Custom Loess",37,1508,293,0.3
"Custom Loess",38,1471,290,0.3
"Custom Loess",39,1489,284,0.29
"Custom Loess",40,1486,283,0.29
"Custom Loess",41,1520,279,0.29
"Custom Loess",42,1508,271,0.28
"Custom Loess",43,1516,270,0.28
"Custom Loess",44,1491,267,0.27
"Custom Loess",45,1463,265,0.27
"Custom Loess",46,1501,264,0.27
"Custom Loess",47,1501,263,0.27
"Custom Loess",48,1511,262,0.27
"Custom Loess",49,1495,260,0.27
"Custom Loess",50,1508,259,0.26
"Custom Loess",51,1510,259,0.26
"Custom Loess",52,1516,258,0.26
"Custom Loess",53,1520,257,0.26
"Custom Loess",54,1471,257,0.26
"Custom Loess",55,1496,253,0.26
"Custom Loess",56,1508,252,0.26
"Custom Loess",57,1508,251,0.26
"Custom Loess",58,1463,246,0.25
"Custom Loess",59,1510,246,0.25
"Custom Loess",60,1461,243,0.25
"Custom Loess",61,1496,242,0.25
"Custom Loess",62,1496,242,0.25
"Custom Loess",63,1484,237,0.24
"Custom Loess",64,1516,236,0.24
"Custom Loess",65,1495,234,0.24
"Custom Loess",66,1484,233,0.24
"Custom Loess",67,1510,233,0.24
"Custom Loess",68,1500,232,0.24
"Custom Loess",69,1461,232,0.24
"Custom Loess",70,1532,231,0.24
"Custom Loess",71,1532,231,0.24
"Custom Loess",72,1501,230,0.24
"Custom Loess",73,1471,229,0.23
"Custom Loess",74,1520,229,0.23
"Custom Loess",75,1508,228,0.23
"Custom Loess",76,1500,228,0.23
"Custom Loess",77,1516,227,0.23
"Custom Loess",78,1532,226,0.23
"Custom Loess",79,1491,225,0.23
"Custom Loess",80,1484,225,0.23
"Custom Loess",81,1501,223,0.23
"Custom Loess",82,1510,223,0.23
"Custom Loess",83,1495,221,0.23
"Custom Loess",84,1496,221,0.23
"Custom Loess",85,1532,221,0.23
"Custom Loess",86,1508,221,0.23
"Custom Loess",87,1426,220,0.23
"Custom Loess",88,1495,220,0.23
"Custom Loess",89,1484,220,0.23
"Custom Loess",90,1510,220,0.23
"Custom Loess",91,1516,219,0.22
"Custom Loess",92,1510,219,0.22
"Custom Loess",93,1487,217,0.22
"Custom Loess",94,1500,216,0.22
"Custom Loess",95,1532,216,0.22
"Custom Loess",96,1520,213,0.22
"Custom Loess",97,1496,213,0.22
"Custom Loess",98,1516,212,0.22
"Custom Loess",99,1510,211,0.22
"Custom Loess",100,1495,211,0.22
"Custom Loess",101,1495,210,0.21
"Custom Loess",102,1484,210,0.21
"Custom Loess",103,1516,210,0.21
"Custom Loess",104,1500,208,0.21
"Custom Loess",105,1510,208,0.21
"Custom Loess",106,1508,207,0.21
"Custom Loess",107,1463,206,0.21
"Custom Loess",108,1461,205,0.21
"Custom Loess",109,1487,205,0.21
"Custom Loess",110,1501,205,0.21
"Custom Loess",111,1532,203,0.21
"Custom Loess",112,1520,203,0.21
"Custom Loess",113,1516,203,0.21
"Custom Loess",114,1495,203,0.21
"Custom Loess",115,1426,201,0.21
"Custom Loess",116,1508,199,0.2
"Custom Loess",117,1496,199,0.2
"Custom Loess",118,1508,199,0.2
"Custom Loess",119,1511,199,0.2
"Custom Loess",120,1500,198,0.2
"Custom Loess",121,1500,197,0.2
"Custom Loess",122,1489,197,0.2
"Custom Loess",123,1532,196,0.2
"Custom Loess",124,1501,194,0.2
"Custom Loess",125,1510,194,0.2
"Custom Loess",126,1532,193,0.2
"Custom Loess",127,1461,193,0.2
"Custom Loess",128,1496,193,0.2
"Custom Loess",129,1463,193,0.2
"Custom Loess",130,1532,193,0.2
"Custom Loess",131,1510,193,0.2
"Custom Loess",132,1471,193,0.2
"Custom Loess",133,1471,192,0.2
"Custom Loess",134,1508,191,0.2
"Custom Loess",135,1487,191,0.2
"Custom Loess",136,1496,190,0.19
"Custom Loess",137,1516,190,0.19
"Custom Loess",138,1500,190,0.19
"Custom Loess",139,1487,190,0.19
"Custom Loess",140,1508,188,0.19
"Custom Loess",141,1500,188,0.19
"Custom Loess",142,1491,187,0.19
"Custom Loess",143,1510,187,0.19
"Custom Loess",144,1501,187,0.19
"Custom Loess",145,1484,186,0.19
"Custom Loess",146,1471,186,0.19
"Custom Loess",147,1510,186,0.19
"Custom Loess",148,1501,186,0.19
"Custom Loess",149,1511,186,0.19
"Custom Loess",150,1491,185,0.19
"Custom Loess",151,1471,185,0.19
"Custom Loess",152,1516,184,0.19
"Custom Loess",153,1501,184,0.19
"Custom Loess",154,1500,183,0.19
"Custom Loess",155,1461,183,0.19
"Custom Loess",156,1500,183,0.19
"Custom Loess",157,1510,182,0.19
"Custom Loess",158,1487,181,0.19
"Custom Loess",159,1510,181,0.19
"Custom Loess",160,1501,181,0.19
"Custom Loess",161,1501,181,0.19
"Custom Loess",162,1487,181,0.19
"Custom Loess",163,1501,181,0.19
"Custom Loess",164,1500,180,0.18
"Custom Loess",165,1426,180,0.18
"Custom Loess",166,1495,178,0.18
"Custom Loess",167,1495,178,0.18
"Custom Loess",168,1461,177,0.18
"Custom Loess",169,1461,177,0.18
"Custom Loess",170,1501,176,0.18
"Custom Loess",171,1471,175,0.18
"Custom Loess",172,1496,175,0.18
"Custom Loess",173,1463,173,0.18
"Custom Loess",174,1496,173,0.18
"Custom Loess",175,1461,172,0.18
"Custom Loess",176,1516,172,0.18
"Custom Loess",177,1520,171,0.17
"Custom Loess",178,1516,171,0.17
"Custom Loess",179,1487,171,0.17
"Custom Loess",180,1520,170,0.17
"Custom Loess",181,1487,170,0.17
"Custom Loess",182,1484,170,0.17
"Custom Loess",183,1484,169,0.17
"Custom Loess",184,1510,169,0.17
"Custom Loess",185,1510,168,0.17
"Custom Loess",186,1491,167,0.17
"Custom Loess",187,1496,167,0.17
"Custom Loess",188,1532,166,0.17
"Custom Loess",189,1501,166,0.17
"Custom Loess",190,1508,165,0.17
"Custom Loess",191,1501,165,0.17
"Custom Loess",192,1510,164,0.17
"Custom Loess",193,1532,164,0.17
"Custom Loess",194,1500,164,0.17
"Custom Loess",195,1500,164,0.17
"Custom Loess",196,1516,163,0.17
"Custom Loess",197,1511,162,0.17
"Custom Loess",198,1491,162,0.17
"Custom Loess",199,1471,162,0.17
"Custom Loess",200,1500,161,0.16
"Custom Loess",201,1426,159,0.16
"Custom Loess",202,1532,159,0.16
"Custom Loess",203,1471,159,0.16
"Custom Loess",204,1516,159,0.16
"Custom Loess",205,1463,158,0.16
"Custom Loess",206,1496,158,0.16
"Custom Loess",207,1501,158,0.16
"Custom Loess",208,1501,158,0.16
"Custom Loess",209,1491,157,0.16
"Custom Loess",210,1511,157,0.16
"Custom Loess",211,1487,157,0.16
"Custom Loess",212,1532,157,0.16
"Custom Loess",213,1511,156,0.16
"Custom Loess",214,1461,155,0.16
"Custom Loess",215,1500,155,0.16
"Custom Loess",216,1516,154,0.16
"Custom Loess",217,1426,154,0.16
"Custom Loess",218,1496,154,0.16
"Custom Loess",219,1426,153,0.16
"Custom Loess",220,1516,152,0.16
"Custom Loess",221,1496,151,0.15
"Custom Loess",222,1426,151,0.15
"Custom Loess",223,1516,151,0.15
"Custom Loess",224,1426,151,0.15
"Custom Loess",225,1508,151,0.15
"Custom Loess",226,1511,151,0.15
"Custom Loess",227,1511,150,0.15
"Custom Loess",228,1463,150,0.15
"Custom Loess",229,1461,150,0.15
"Custom Loess",230,1532,149,0.15
"Custom Loess",231,1461,149,0.15
"Custom Loess",232,1511,148,0.15
"Custom Loess",233,1510,148,0.15
"Custom Loess",234,1496,148,0.15
"Custom Loess",235,1487,148,0.15
"Custom Loess",236,1496,148,0.15
"Custom Loess",237,1487,148,0.15
"Custom Loess",238,1510,148,0.15
"Custom Loess",239,1426,147,0.15
"Custom Loess",240,1487,147,0.15
"Custom Loess",241,1511,147,0.15
"Custom Loess",242,1471,147,0.15
"Custom Loess",243,1500,146,0.15
"Custom Loess",244,1501,145,0.15
"Custom Loess",245,1516,145,0.15
"Custom Loess",246,1471,144,0.15
"Custom Loess",247,1500,144,0.15
"Custom Loess",248,1471,144,0.15
"Custom Loess",249,1501,144,0.15
"Custom Loess",250,1484,144,0.15
"Custom Loess",251,1516,143,0.15
"Custom Loess",252,1489,143,0.15
"Custom Loess",253,1491,143,0.15
"Custom Loess",254,1501,143,0.15
"Custom Loess",255,1471,142,0.15
"Custom Loess",256,1508,141,0.14
"Custom Loess",257,1496,141,0.14
"Custom Loess",258,1484,141,0.14
"Custom Loess",259,1501,141,0.14
"Custom Loess",260,1516,141,0.14
"Custom Loess",261,1516,140,0.14
"Custom Loess",262,1510,140,0.14
"Custom Loess",263,1461,139,0.14
"Custom Loess",264,1511,139,0.14
"Custom Loess",265,1471,139,0.14
"Custom Loess",266,1508,138,0.14
"Custom Loess",267,1501,138,0.14
"Custom Loess",268,1491,138,0.14
"Custom Loess",269,1471,138,0.14
"Custom Loess",270,1510,138,0.14
"Custom Loess",271,1511,137,0.14
"Custom Loess",272,1495,137,0.14
"Custom Loess",273,1495,137,0.14
"Custom Loess",274,1487,136,0.14
"Custom Loess",275,1508,136,0.14
"Custom Loess",276,1511,136,0.14
"Custom Loess",277,1463,136,0.14
"Custom Loess",278,1487,136,0.14
"Custom Loess",279,1516,135,0.14
"Custom Loess",280,1501,134,0.14
"Custom Loess",281,1461,133,0.14
"Custom Loess",282,1484,133,0.14
"Custom Loess",283,1491,132,0.14
"Custom Loess",284,1532,132,0.14
"Custom Loess",285,1511,132,0.14
"Custom Loess",286,1532,131,0.13
"Custom Loess",287,1491,130,0.13
"Custom Loess",288,1511,130,0.13
"Custom Loess",289,1500,130,0.13
"Custom Loess",290,1532,129,0.13
"Custom Loess",291,1500,129,0.13
"Custom Loess",292,1487,129,0.13
"Custom Loess",293,1487,129,0.13
"Custom Loess",294,1510,129,0.13
"Custom Loess",295,1501,129,0.13
"Custom Loess",296,1532,128,0.13
"Custom Loess",297,1511,128,0.13
"Custom Loess",298,1510,128,0.13
"Custom Loess",299,1461,127,0.13
"Custom Loess",300,1426,127,0.13
"Custom Loess",301,1520,127,0.13
"Custom Loess",302,1490,127,0.13
"Custom Loess",303,1463,126,0.13
"Custom Loess",304,1520,126,0.13
"Custom Loess",305,1532,126,0.13
"Custom Loess",306,1491,126,0.13
"Custom Loess",307,1471,126,0.13
"Custom Loess",308,1532,125,0.13
"Custom Loess",309,1511,125,0.13
"Custom Loess",310,1516,125,0.13
"Custom Loess",311,1461,125,0.13
"Custom Loess",312,1487,125,0.13
"Custom Loess",313,1516,124,0.13
"Custom Loess",314,1496,124,0.13
"Custom Loess",315,1463,124,0.13
"Custom Loess",316,1487,124,0.13
"Custom Loess",317,1471,124,0.13
"Custom Loess",318,1508,123,0.13
"Custom Loess",319,1487,123,0.13
"Custom Loess",320,1520,123,0.13
"Custom Loess",321,1487,123,0.13
"Custom Loess",322,1495,123,0.13
"Custom Loess",323,1495,123,0.13
"Custom Loess",324,1501,123,0.13
"Custom Loess",325,1487,122,0.12
"Custom Loess",326,1471,122,0.12
"Custom Loess",327,1471,122,0.12
"Custom Loess",328,1496,122,0.12
"Custom Loess",329,1471,121,0.12
"Custom Loess",330,1496,121,0.12
"Custom Loess",331,1426,121,0.12
"Custom Loess",332,1471,121,0.12
"Custom Loess",333,1500,120,0.12
"Custom Loess",334,1487,120,0.12
"Custom Loess",335,1471,120,0.12
"Custom Loess",336,1532,120,0.12
"Custom Loess",337,1471,120,0.12
"Custom Loess",338,1495,119,0.12
"Custom Loess",339,1501,119,0.12
"Custom Loess",340,1510,119,0.12
"Custom Loess",341,1511,118,0.12
"Custom Loess",342,1508,118,0.12
"Custom Loess",343,1461,117,0.12
"Custom Loess",344,1491,117,0.12
"Custom Loess",345,1501,117,0.12
"Custom Loess",346,1463,116,0.12
"Custom Loess",347,1491,116,0.12
"Custom Loess",348,1511,116,0.12
"Custom Loess",349,1461,115,0.12
"Custom Loess",350,1496,115,0.12
"Custom Loess",351,1461,115,0.12
"Custom Loess",352,1510,115,0.12
"Custom Loess",353,1487,114,0.12
"Custom Loess",354,1520,114,0.12
"Custom Loess",355,1516,114,0.12
"Custom Loess",356,1471,114,0.12
"Custom Loess",357,1532,113,0.12
"Custom Loess",358,1508,112,0.11
"Custom Loess",359,1495,112,0.11
"Custom Loess",360,1471,112,0.11
"Custom Loess",361,1426,111,0.11
"Custom Loess",362,1487,111,0.11
"Custom Loess",363,1516,111,0.11
"Custom Loess",364,1463,111,0.11
"Custom Loess",365,1495,111,0.11
"Custom Loess",366,1510,111,0.11
"Custom Loess",367,1487,110,0.11
"Custom Loess",368,1511,110,0.11
"Custom Loess",369,1487,109,0.11
"Custom Loess",370,1487,109,0.11
"Custom Loess",371,1510,109,0.11
"Custom Loess",372,1471,109,0.11
"Custom Loess",373,1516,108,0.11
"Custom Loess",374,1511,108,0.11
"Custom Loess",375,1532,107,0.11
"Custom Loess",376,1500,107,0.11
"Custom Loess",377,1426,106,0.11
"Custom Loess",378,1487,106,0.11
"Custom Loess",379,1516,106,0.11
"Custom Loess",380,1500,106,0.11
"Custom Loess",381,1500,105,0.11
"Custom Loess",382,1508,105,0.11
"Custom Loess",383,1510,105,0.11
"Custom Loess",384,1471,105,0.11
"Custom Loess",385,1508,104,0.11
"Custom Loess",386,1510,104,0.11
"Custom Loess",387,1461,104,0.11
"Custom Loess",388,1426,104,0.11
"Custom Loess",389,1516,103,0.11
"Custom Loess",390,1487,103,0.11
"Custom Loess",391,1463,103,0.11
"Custom Loess",392,1501,103,0.11
"Custom Loess",393,1471,103,0.11
"Custom Loess",394,1495,102,0.1
"Custom Loess",395,1489,102,0.1
"Custom Loess",396,1484,102,0.1
"Custom Loess",397,1463,102,0.1
"Custom Loess",398,1510,102,0.1
"Custom Loess",399,1495,101,0.1
"Custom Loess",400,1495,101,0.1
"Custom Loess",401,1491,101,0.1
"Custom Loess",402,1487,100,0.1
"Custom Loess",403,1516,100,0.1
"Custom Loess",404,1508,100,0.1
"Custom Loess",405,1520,100,0.1
"Custom Loess",406,1471,100,0.1
"Custom Loess",407,1461,99,0.1
"Custom Loess",408,1461,99,0.1
"Custom Loess",409,1471,99,0.1
"Custom Loess",410,1471,98,0.1
"Custom Loess",411,1487,98,0.1
"Custom Loess",412,1511,98,0.1
"Custom Loess",413,1516,97,0.1
"Custom Loess",414,1491,97,0.1
"Custom Loess",415,1532,97,0.1
"Custom Loess",416,1511,97,0.1
"Custom Loess",417,1426,96,0.1
"Custom Loess",418,1426,96,0.1
"Custom Loess",419,1520,95,0.1
"Custom Loess",420,1461,95,0.1
"Custom Loess",421,1471,94,0.1
"Custom Loess",422,1520,94,0.1
"Custom Loess",423,1463,94,0.1
"Custom Loess",424,1463,94,0.1
"Custom Loess",425,1471,94,0.1
"Custom Loess",426,1471,94,0.1
"Custom Loess",427,1532,93,0.1
"Custom Loess",428,1426,93,0.1
"Custom Loess",429,1489,93,0.1
"Custom Loess",430,1487,93,0.1
"Custom Loess",431,1461,92,0.09
"Custom Loess",432,1516,92,0.09
"Custom Loess",433,1461,92,0.09
"Custom Loess",434,1500,91,0.09
"Custom Loess",435,1500,91,0.09
"Custom Loess",436,1484,91,0.09
"Custom Loess",437,1471,91,0.09
"Custom Loess",438,1471,91,0.09
"Custom Loess",439,1510,91,0.09
"Custom Loess",440,1508,91,0.09
"Custom Loess",441,1501,91,0.09
"Custom Loess",442,1495,91,0.09
"Custom Loess",443,1487,90,0.09
"Custom Loess",444,1516,90,0.09
"Custom Loess",445,1511,90,0.09
"Custom Loess",446,1487,89,0.09
"Custom Loess",447,1426,89,0.09
"Custom Loess",448,1426,89,0.09
"Custom Loess",449,1461,89,0.09
"Custom Loess",450,1471,89,0.09
"Custom Loess",451,1500,88,0.09
"Custom Loess",452,1487,88,0.09
"Custom Loess",453,1471,88,0.09
"Custom Loess",454,1471,88,0.09
"Custom Loess",455,1508,88,0.09
"Custom Loess",456,1463,87,0.09
"Custom Loess",457,1461,87,0.09
"Custom Loess",458,1532,87,0.09
"Custom Loess",459,1508,87,0.09
"Custom Loess",460,1496,87,0.09
"Custom Loess",461,1471,87,0.09
"Custom Loess",462,1496,86,0.09
"Custom Loess",463,1508,86,0.09
"Custom Loess",464,1471,86,0.09
"Custom Loess",465,1471,86,0.09
"Custom Loess",466,1463,85,0.09
"Custom Loess",467,1510,85,0.09
"Custom Loess",468,1511,85,0.09
"Custom Loess",469,1501,85,0.09
"Custom Loess",470,1490,85,0.09
"Custom Loess",471,1471,84,0.09
"Custom Loess",472,1471,84,0.09
"Custom Loess",473,1510,84,0.09
"Custom Loess",474,1496,84,0.09
"Custom Loess",475,1508,83,0.08
"Custom Loess",476,1495,83,0.08
"Custom Loess",477,1484,83,0.08
"Custom Loess",478,1501,83,0.08
"Custom Loess",479,1471,83,0.08
"Custom Loess",480,1461,82,0.08
"Custom Loess",481,1487,82,0.08
"Custom Loess",482,1532,82,0.08
"Custom Loess",483,1508,82,0.08
"Custom Loess",484,1484,82,0.08
"Custom Loess",485,1471,82,0.08
"Custom Loess",486,1510,81,0.08
"Custom Loess",487,1487,81,0.08
"Custom Loess",488,1471,81,0.08
"Custom Loess",489,1487,81,0.08
"Custom Loess",490,1496,80,0.08
"Custom Loess",491,1516,80,0.08
"Custom Loess",492,1471,80,0.08
"Custom Loess",493,1487,80,0.08
"Custom Loess",494,1461,79,0.08
"Custom Loess",495,1510,79,0.08
"Custom Loess",496,1508,78,0.08
"Custom Loess",497,1426,78,0.08
"Custom Loess",498,1426,78,0.08
"Custom Loess",499,1501,78,0.08
"Custom Loess",500,1508,77,0.08
"Custom Loess",501,1491,77,0.08
"Custom Loess",502,1511,77,0.08
"Custom Loess",503,1471,77,0.08
"Custom Loess",504,1511,77,0.08
"Custom Loess",505,1508,76,0.08
"Custom Loess",506,1520,76,0.08
"Custom Loess",507,1487,76,0.08
"Custom Loess",508,1461,76,0.08
"Custom Loess",509,1471,76,0.08
"Custom Loess",510,1471,76,0.08
"Custom Loess",511,1491,75,0.08
"Custom Loess",512,1426,75,0.08
"Custom Loess",513,1501,75,0.08
"Custom Loess",514,1496,75,0.08
"Custom Loess",515,1532,75,0.08
"Custom Loess",516,1501,75,0.08
"Custom Loess",517,1471,75,0.08
"Custom Loess",518,1461,74,0.08
"Custom Loess",519,1463,74,0.08
"Custom Loess",520,1491,74,0.08
"Custom Loess",521,1471,74,0.08
"Custom Loess",522,1510,74,0.08
"Custom Loess",523,1501,74,0.08
"Custom Loess",524,1487,74,0.08
"Custom Loess",525,1471,74,0.08
"Custom Loess",526,1501,74,0.08
"Custom Loess",527,1508,73,0.07
"Custom Loess",528,1471,73,0.07
"Custom Loess",529,1520,73,0.07
"Custom Loess",530,1511,73,0.07
"Custom Loess",531,1461,73,0.07
"Custom Loess",532,1495,73,0.07
"Custom Loess",533,1508,72,0.07
"Custom Loess",534,1510,72,0.07
"Custom Loess",535,1500,72,0.07
"Custom Loess",536,1491,72,0.07
"Custom Loess",537,1487,72,0.07
"Custom Loess",538,1461,72,0.07
"Custom Loess",539,1461,72,0.07
"Custom Loess",540,1471,72,0.07
"Custom Loess",541,1471,71,0.07
"Custom Loess",542,1487,71,0.07
"Custom Loess",543,1510,71,0.07
"Custom Loess",544,1471,71,0.07
"Custom Loess",545,1511,71,0.07
"Custom Loess",546,1487,71,0.07
"Custom Loess",547,1461,71,0.07
"Custom Loess",548,1510,70,0.07
"Custom Loess",549,1496,70,0.07
"Custom Loess",550,1516,70,0.07
"Custom Loess",551,1471,70,0.07
"Custom Loess",552,1511,69,0.07
"Custom Loess",553,1471,69,0.07
"Custom Loess",554,1532,69,0.07
"Custom Loess",555,1532,69,0.07
"Custom Loess",556,1500,69,0.07
"Custom Loess",557,1495,69,0.07
"Custom Loess",558,1501,69,0.07
"Custom Loess",559,1500,69,0.07
"Custom Loess",560,1471,69,0.07
"Custom Loess",561,1487,69,0.07
"Custom Loess",562,1426,68,0.07
"Custom Loess",563,1508,68,0.07
"Custom Loess",564,1487,68,0.07
"Custom Loess",565,1500,68,0.07
"Custom Loess",566,1495,68,0.07
"Custom Loess",567,1500,67,0.07
"Custom Loess",568,1532,67,0.07
"Custom Loess",569,1426,67,0.07
"Custom Loess",570,1471,67,0.07
"Custom Loess",571,1471,67,0.07
"Custom Loess",572,1500,67,0.07
"Custom Loess",573,1496,66,0.07
"Custom Loess",574,1516,66,0.07
"Custom Loess",575,1487,66,0.07
"Custom Loess",576,1511,66,0.07
"Custom Loess",577,1426,65,0.07
"Custom Loess",578,1487,65,0.07
"Custom Loess",579,1487,65,0.07
"Custom Loess",580,1487,65,0.07
"Custom Loess",581,1491,65,0.07
"Custom Loess",582,1471,65,0.07
"Custom Loess",583,1532,64,0.07
"Custom Loess",584,1496,64,0.07
"Custom Loess",585,1532,64,0.07
"Custom Loess",586,1495,64,0.07
"Custom Loess",587,1500,64,0.07
"Custom Loess",588,1511,64,0.07
"Custom Loess",589,1495,64,0.07
"Custom Loess",590,1501,64,0.07
"Custom Loess",591,1426,63,0.06
"Custom Loess",592,1471,63,0.06
"Custom Loess",593,1471,63,0.06
"Custom Loess",594,1496,63,0.06
"Custom Loess",595,1516,63,0.06
"Custom Loess",596,1484,63,0.06
"Custom Loess",597,1463,62,0.06
"Custom Loess",598,1516,62,0.06
"Custom Loess",599,1510,62,0.06
"Custom Loess",600,1463,62,0.06
"Custom Loess",601,1487,62,0.06
"Custom Loess",602,1426,62,0.06
"Custom Loess",603,1516,62,0.06
"Custom Loess",604,1471,61,0.06
"Custom Loess",605,1471,61,0.06
"Custom Loess",606,1471,61,0.06
"Custom Loess",607,1496,61,0.06
"Custom Loess",608,1461,60,0.06
"Custom Loess",609,1501,60,0.06
"Custom Loess",610,1461,59,0.06
"Custom Loess",611,1516,59,0.06
"Custom Loess",612,1461,59,0.06
"Custom Loess",613,1487,59,0.06
"Custom Loess",614,1495,59,0.06
"Custom Loess",615,1500,58,0.06
"Custom Loess",616,1471,58,0.06
"Custom Loess",617,1461,58,0.06
"Custom Loess",618,1463,57,0.06
"Custom Loess",619,1471,57,0.06
"Custom Loess",620,1471,57,0.06
"Custom Loess",621,1487,57,0.06
"Custom Loess",622,1471,57,0.06
"Custom Loess",623,1516,56,0.06
"Custom Loess",624,1500,56,0.06
"Custom Loess",625,1495,56,0.06
"Custom Loess",626,1511,56,0.06
"Custom Loess",627,1426,56,0.06
"Custom Loess",628,1516,56,0.06
"Custom Loess",629,1487,56,0.06
"Custom Loess",630,1510,56,0.06
"Custom Loess",631,1490,56,0.06
"Custom Loess",632,1463,55,0.06
"Custom Loess",633,1516,55,0.06
"Custom Loess",634,1463,55,0.06
"Custom Loess",635,1520,54,0.06
"Custom Loess",636,1516,54,0.06
"Custom Loess",637,1461,54,0.06
"Custom Loess",638,1511,54,0.06
"Custom Loess",639,1426,53,0.05
"Custom Loess",640,1491,53,0.05
"Custom Loess",641,1471,52,0.05
"Custom Loess",642,1461,52,0.05
"Custom Loess",643,1510,52,0.05
"Custom Loess",644,1516,52,0.05
"Custom Loess",645,1516,51,0.05
"Custom Loess",646,1510,51,0.05
"Custom Loess",647,1489,51,0.05
"Custom Loess",648,1461,51,0.05
"Custom Loess",649,1463,50,0.05
"Custom Loess",650,1484,50,0.05
"Custom Loess",651,1461,50,0.05
"Custom Loess",652,1471,50,0.05
"Custom Loess",653,1495,50,0.05
"Custom Loess",654,1461,49,0.05
"Custom Loess",655,1461,49,0.05
"Custom Loess",656,1495,49,0.05
"Custom Loess",657,1508,49,0.05
"Custom Loess",658,1491,49,0.05
"Custom Loess",659,1495,49,0.05
"Custom Loess",660,1532,48,0.05
"Custom Loess",661,1496,48,0.05
"Custom Loess",662,1426,48,0.05
"Custom Loess",663,1508,48,0.05
"Custom Loess",664,1463,48,0.05
"Custom Loess",665,1491,47,0.05
"Custom Loess",666,1487,47,0.05
"Custom Loess",667,1471,47,0.05
"Custom Loess",668,1471,47,0.05
"Custom Loess",669,1532,46,0.05
"Custom Loess",670,1471,46,0.05
"Custom Loess",671,1496,46,0.05
"Custom Loess",672,1491,46,0.05
"Custom Loess",673,1491,46,0.05
"Custom Loess",674,1508,46,0.05
"Custom Loess",675,1500,46,0.05
"Custom Loess",676,1461,46,0.05
"Custom Loess",677,1487,46,0.05
"Custom Loess",678,1487,46,0.05
"Custom Loess",679,1510,45,0.05
"Custom Loess",680,1487,44,0.05
"Custom Loess",681,1520,43,0.04
"Custom Loess",682,1491,43,0.04
"Custom Loess",683,1487,43,0.04
"Custom Loess",684,1487,43,0.04
"Custom Loess",685,1487,43,0.04
"Custom Loess",686,1461,42,0.04
"Custom Loess",687,1487,42,0.04
"Custom Loess",688,1487,42,0.04
"Custom Loess",689,1511,42,0.04
"Custom Loess",690,1489,41,0.04
"Custom Loess",691,1426,41,0.04
"Custom Loess",692,1510,40,0.04
"Custom Loess",693,1532,40,0.04
"Custom Loess",694,1510,40,0.04
"Custom Loess",695,1495,39,0.04
"Custom Loess",696,1511,39,0.04
"Custom Loess",697,1471,38,0.04
"Custom Loess",698,1495,37,0.04
"Custom Loess",699,1487,36,0.04
"Custom Loess",700,1510,36,0.04
"Custom Loess",701,1471,36,0.04
"Custom Loess",702,1487,35,0.04
"Custom Loess",703,1461,34,0.03
"Custom Loess",704,1500,34,0.03
"Custom Loess",705,1511,33,0.03
"Custom Loess",706,1471,33,0.03
"Custom Loess",707,1495,33,0.03
"Custom Loess",708,1501,32,0.03
"Custom Loess",709,1461,32,0.03
"Custom Loess",710,1461,32,0.03
"Custom Loess",711,1487,32,0.03
"Custom Loess",712,1511,32,0.03
"Custom Loess",713,1471,32,0.03
"Custom Loess",714,1471,32,0.03
"Custom Loess",715,1511,31,0.03
"Custom Loess",716,1510,31,0.03
"Custom Loess",717,1508,31,0.03
"Custom Loess",718,1511,31,0.03
"Custom Loess",719,1491,30,0.03
"Custom Loess",720,1426,30,0.03
"Custom Loess",721,1487,29,0.03
"Custom Loess",722,1471,29,0.03
"Custom Loess",723,1511,28,0.03
"Custom Loess",724,1471,27,0.03
"Custom Loess",725,1496,26,0.03
"Custom Loess",726,1426,26,0.03
"Custom Loess",727,1491,26,0.03
"Custom Loess",728,1510,25,0.03
"Custom Loess",729,1491,25,0.03
"Custom Loess",730,1501,25,0.03
"Custom Loess",731,1508,24,0.02
"Custom Loess",732,1471,24,0.02
"Custom Loess",733,1501,23,0.02
"Custom Loess",734,1471,23,0.02
"Custom Loess",735,1461,22,0.02
"Custom Loess",736,1495,22,0.02
"Custom Loess",737,1461,20,0.02
"Custom Loess",738,1471,19,0.02
"Custom Loess",739,1471,16,0.02
"Custom Loess",740,1461,15,0.02
"Binned Quality",1,1508,729,0.74
"Binned Quality",2,1496,693,0.71
"Binned Quality",3,1532,681,0.69
"Binned Quality",4,1496,652,0.66
"Binned Quality",5,1508,631,0.64
"Binned Quality",6,1500,616,0.63
"Binned Quality",7,1508,562,0.57
"Binned Quality",8,1500,556,0.57
"Binned Quality",9,1532,535,0.54
"Binned Quality",10,1496,520,0.53
"Binned Quality",11,1496,480,0.49
"Binned Quality",12,1532,474,0.48
"Binned Quality",13,1426,459,0.47
"Binned Quality",14,1508,455,0.46
"Binned Quality",15,1501,443,0.45
"Binned Quality",16,1426,441,0.45
"Binned Quality",17,1500,438,0.45
"Binned Quality",18,1500,418,0.43
"Binned Quality",19,1532,401,0.41
"Binned Quality",20,1510,399,0.41
"Binned Quality",21,1491,395,0.4
"Binned Quality",22,1511,394,0.4
"Binned Quality",23,1511,390,0.4
"Binned Quality",24,1495,374,0.38
"Binned Quality",25,1463,370,0.38
"Binned Quality",26,1516,366,0.37
"Binned Quality",27,1510,365,0.37
"Binned Quality",28,1491,354,0.36
"Binned Quality",29,1461,351,0.36
"Binned Quality",30,1471,341,0.35
"Binned Quality",31,1426,329,0.34
"Binned Quality",32,1491,328,0.33
"Binned Quality",33,1495,326,0.33
"Binned Quality",34,1463,318,0.32
"Binned Quality",35,1426,312,0.32
"Binned Quality",36,1510,308,0.31
"Binned Quality",37,1461,299,0.3
"Binned Quality",38,1487,299,0.3
"Binned Quality",39,1508,294,0.3
"Binned Quality",40,1486,283,0.29
"Binned Quality",41,1520,282,0.29
"Binned Quality",42,1520,279,0.28
"Binned Quality",43,1508,271,0.28
"Binned Quality",44,1516,270,0.28
"Binned Quality",45,1491,265,0.27
"Binned Quality",46,1463,264,0.27
"Binned Quality",47,1471,264,0.27
"Binned Quality",48,1510,262,0.27
"Binned Quality",49,1471,261,0.27
"Binned Quality",50,1495,260,0.26
"Binned Quality",51,1516,259,0.26
"Binned Quality",52,1520,257,0.26
"Binned Quality",53,1508,256,0.26
"Binned Quality",54,1508,254,0.26
"Binned Quality",55,1496,253,0.26
"Binned Quality",56,1508,250,0.25
"Binned Quality",57,1463,246,0.25
"Binned Quality",58,1495,246,0.25
"Binned Quality",59,1501,244,0.25
"Binned Quality",60,1461,242,0.25
"Binned Quality",61,1496,242,0.25
"Binned Quality",62,1496,242,0.25
"Binned Quality",63,1516,236,0.24
"Binned Quality",64,1500,233,0.24
"Binned Quality",65,1484,233,0.24
"Binned Quality",66,1461,232,0.24
"Binned Quality",67,1532,231,0.24
"Binned Quality",68,1532,229,0.23
"Binned Quality",69,1495,229,0.23
"Binned Quality",70,1508,228,0.23
"Binned Quality",71,1500,228,0.23
"Binned Quality",72,1532,227,0.23
"Binned Quality",73,1484,226,0.23
"Binned Quality",74,1510,223,0.23
"Binned Quality",75,1510,223,0.23
"Binned Quality",76,1532,221,0.23
"Binned Quality",77,1508,221,0.23
"Binned Quality",78,1516,219,0.22
"Binned Quality",79,1510,219,0.22
"Binned Quality",80,1484,218,0.22
"Binned Quality",81,1487,217,0.22
"Binned Quality",82,1500,216,0.22
"Binned Quality",83,1496,213,0.22
"Binned Quality",84,1516,212,0.22
"Binned Quality",85,1471,212,0.22
"Binned Quality",86,1510,211,0.21
"Binned Quality",87,1516,211,0.21
"Binned Quality",88,1495,210,0.21
"Binned Quality",89,1484,210,0.21
"Binned Quality",90,1495,210,0.21
"Binned Quality",91,1487,210,0.21
"Binned Quality",92,1500,208,0.21
"Binned Quality",93,1510,208,0.21
"Binned Quality",94,1516,208,0.21
"Binned Quality",95,1511,207,0.21
"Binned Quality",96,1487,206,0.21
"Binned Quality",97,1461,205,0.21
"Binned Quality",98,1501,205,0.21
"Binned Quality",99,1501,205,0.21
"Binned Quality",100,1516,204,0.21
"Binned Quality",101,1532,203,0.21
"Binned Quality",102,1520,203,0.21
"Binned Quality",103,1426,202,0.21
"Binned Quality",104,1508,200,0.2
"Binned Quality",105,1484,200,0.2
"Binned Quality",106,1489,199,0.2
"Binned Quality",107,1491,197,0.2
"Binned Quality",108,1500,197,0.2
"Binned Quality",109,1500,197,0.2
"Binned Quality",110,1532,196,0.2
"Binned Quality",111,1496,194,0.2
"Binned Quality",112,1501,194,0.2
"Binned Quality",113,1471,194,0.2
"Binned Quality",114,1511,194,0.2
"Binned Quality",115,1463,193,0.2
"Binned Quality",116,1532,193,0.2
"Binned Quality",117,1510,192,0.2
"Binned Quality",118,1487,191,0.19
"Binned Quality",119,1496,190,0.19
"Binned Quality",120,1496,190,0.19
"Binned Quality",121,1516,190,0.19
"Binned Quality",122,1500,190,0.19
"Binned Quality",123,1501,190,0.19
"Binned Quality",124,1508,189,0.19
"Binned Quality",125,1500,189,0.19
"Binned Quality",126,1491,187,0.19
"Binned Quality",127,1520,187,0.19
"Binned Quality",128,1501,187,0.19
"Binned Quality",129,1487,186,0.19
"Binned Quality",130,1501,186,0.19
"Binned Quality",131,1495,185,0.19
"Binned Quality",132,1500,183,0.19
"Binned Quality",133,1500,183,0.19
"Binned Quality",134,1501,183,0.19
"Binned Quality",135,1508,182,0.19
"Binned Quality",136,1426,180,0.18
"Binned Quality",137,1510,180,0.18
"Binned Quality",138,1487,180,0.18
"Binned Quality",139,1461,179,0.18
"Binned Quality",140,1496,179,0.18
"Binned Quality",141,1495,178,0.18
"Binned Quality",142,1510,177,0.18
"Binned Quality",143,1510,177,0.18
"Binned Quality",144,1461,176,0.18
"Binned Quality",145,1501,176,0.18
"Binned Quality",146,1510,176,0.18
"Binned Quality",147,1511,176,0.18
"Binned Quality",148,1510,175,0.18
"Binned Quality",149,1532,174,0.18
"Binned Quality",150,1501,174,0.18
"Binned Quality",151,1471,174,0.18
"Binned Quality",152,1496,173,0.18
"Binned Quality",153,1496,173,0.18
"Binned Quality",154,1461,172,0.18
"Binned Quality",155,1516,172,0.18
"Binned Quality",156,1487,170,0.17
"Binned Quality",157,1510,170,0.17
"Binned Quality",158,1491,169,0.17
"Binned Quality",159,1484,169,0.17
"Binned Quality",160,1484,169,0.17
"Binned Quality",161,1484,169,0.17
"Binned Quality",162,1508,168,0.17
"Binned Quality",163,1471,168,0.17
"Binned Quality",164,1471,168,0.17
"Binned Quality",165,1495,167,0.17
"Binned Quality",166,1510,167,0.17
"Binned Quality",167,1508,166,0.17
"Binned Quality",168,1426,166,0.17
"Binned Quality",169,1501,166,0.17
"Binned Quality",170,1487,165,0.17
"Binned Quality",171,1532,165,0.17
"Binned Quality",172,1487,164,0.17
"Binned Quality",173,1501,164,0.17
"Binned Quality",174,1516,163,0.17
"Binned Quality",175,1500,163,0.17
"Binned Quality",176,1511,162,0.17
"Binned Quality",177,1487,162,0.17
"Binned Quality",178,1491,162,0.17
"Binned Quality",179,1516,162,0.17
"Binned Quality",180,1471,162,0.17
"Binned Quality",181,1471,162,0.17
"Binned Quality",182,1471,160,0.16
"Binned Quality",183,1491,160,0.16
"Binned Quality",184,1426,159,0.16
"Binned Quality",185,1500,159,0.16
"Binned Quality",186,1471,159,0.16
"Binned Quality",187,1463,158,0.16
"Binned Quality",188,1511,158,0.16
"Binned Quality",189,1501,158,0.16
"Binned Quality",190,1461,155,0.16
"Binned Quality",191,1426,155,0.16
"Binned Quality",192,1463,155,0.16
"Binned Quality",193,1495,155,0.16
"Binned Quality",194,1487,155,0.16
"Binned Quality",195,1520,154,0.16
"Binned Quality",196,1496,154,0.16
"Binned Quality",197,1520,153,0.16
"Binned Quality",198,1495,153,0.16
"Binned Quality",199,1426,153,0.16
"Binned Quality",200,1516,152,0.15
"Binned Quality",201,1489,152,0.15
"Binned Quality",202,1510,152,0.15
"Binned Quality",203,1426,151,0.15
"Binned Quality",204,1496,151,0.15
"Binned Quality",205,1426,151,0.15
"Binned Quality",206,1508,151,0.15
"Binned Quality",207,1501,151,0.15
"Binned Quality",208,1516,150,0.15
"Binned Quality",209,1511,150,0.15
"Binned Quality",210,1532,150,0.15
"Binned Quality",211,1510,150,0.15
"Binned Quality",212,1496,150,0.15
"Binned Quality",213,1484,150,0.15
"Binned Quality",214,1510,149,0.15
"Binned Quality",215,1511,149,0.15
"Binned Quality",216,1511,148,0.15
"Binned Quality",217,1496,148,0.15
"Binned Quality",218,1496,148,0.15
"Binned Quality",219,1501,148,0.15
"Binned Quality",220,1532,148,0.15
"Binned Quality",221,1487,148,0.15
"Binned Quality",222,1500,148,0.15
"Binned Quality",223,1510,145,0.15
"Binned Quality",224,1500,145,0.15
"Binned Quality",225,1516,145,0.15
"Binned Quality",226,1511,145,0.15
"Binned Quality",227,1510,144,0.15
"Binned Quality",228,1496,144,0.15
"Binned Quality",229,1489,144,0.15
"Binned Quality",230,1471,144,0.15
"Binned Quality",231,1487,143,0.15
"Binned Quality",232,1491,143,0.15
"Binned Quality",233,1471,143,0.15
"Binned Quality",234,1501,143,0.15
"Binned Quality",235,1500,142,0.14
"Binned Quality",236,1500,142,0.14
"Binned Quality",237,1461,141,0.14
"Binned Quality",238,1510,141,0.14
"Binned Quality",239,1508,141,0.14
"Binned Quality",240,1484,141,0.14
"Binned Quality",241,1516,141,0.14
"Binned Quality",242,1501,141,0.14
"Binned Quality",243,1511,140,0.14
"Binned Quality",244,1532,140,0.14
"Binned Quality",245,1487,140,0.14
"Binned Quality",246,1510,140,0.14
"Binned Quality",247,1495,140,0.14
"Binned Quality",248,1510,139,0.14
"Binned Quality",249,1487,139,0.14
"Binned Quality",250,1496,139,0.14
"Binned Quality",251,1461,138,0.14
"Binned Quality",252,1501,138,0.14
"Binned Quality",253,1491,138,0.14
"Binned Quality",254,1461,138,0.14
"Binned Quality",255,1510,138,0.14
"Binned Quality",256,1471,138,0.14
"Binned Quality",257,1495,138,0.14
"Binned Quality",258,1508,137,0.14
"Binned Quality",259,1516,136,0.14
"Binned Quality",260,1508,136,0.14
"Binned Quality",261,1487,136,0.14
"Binned Quality",262,1532,135,0.14
"Binned Quality",263,1520,135,0.14
"Binned Quality",264,1511,134,0.14
"Binned Quality",265,1516,134,0.14
"Binned Quality",266,1501,134,0.14
"Binned Quality",267,1508,134,0.14
"Binned Quality",268,1511,134,0.14
"Binned Quality",269,1532,133,0.14
"Binned Quality",270,1484,133,0.14
"Binned Quality",271,1461,133,0.14
"Binned Quality",272,1461,133,0.14
"Binned Quality",273,1471,133,0.14
"Binned Quality",274,1471,133,0.14
"Binned Quality",275,1508,132,0.13
"Binned Quality",276,1500,132,0.13
"Binned Quality",277,1532,132,0.13
"Binned Quality",278,1487,132,0.13
"Binned Quality",279,1463,132,0.13
"Binned Quality",280,1463,132,0.13
"Binned Quality",281,1471,132,0.13
"Binned Quality",282,1511,132,0.13
"Binned Quality",283,1461,131,0.13
"Binned Quality",284,1471,131,0.13
"Binned Quality",285,1487,131,0.13
"Binned Quality",286,1516,130,0.13
"Binned Quality",287,1491,130,0.13
"Binned Quality",288,1471,130,0.13
"Binned Quality",289,1532,129,0.13
"Binned Quality",290,1511,129,0.13
"Binned Quality",291,1501,129,0.13
"Binned Quality",292,1487,129,0.13
"Binned Quality",293,1532,128,0.13
"Binned Quality",294,1426,128,0.13
"Binned Quality",295,1510,128,0.13
"Binned Quality",296,1510,128,0.13
"Binned Quality",297,1511,128,0.13
"Binned Quality",298,1532,127,0.13
"Binned Quality",299,1532,127,0.13
"Binned Quality",300,1426,127,0.13
"Binned Quality",301,1532,126,0.13
"Binned Quality",302,1463,126,0.13
"Binned Quality",303,1516,126,0.13
"Binned Quality",304,1516,126,0.13
"Binned Quality",305,1520,126,0.13
"Binned Quality",306,1491,126,0.13
"Binned Quality",307,1471,125,0.13
"Binned Quality",308,1487,125,0.13
"Binned Quality",309,1520,124,0.13
"Binned Quality",310,1516,124,0.13
"Binned Quality",311,1461,124,0.13
"Binned Quality",312,1471,124,0.13
"Binned Quality",313,1426,123,0.13
"Binned Quality",314,1487,123,0.13
"Binned Quality",315,1487,123,0.13
"Binned Quality",316,1496,123,0.13
"Binned Quality",317,1520,123,0.13
"Binned Quality",318,1487,122,0.12
"Binned Quality",319,1463,122,0.12
"Binned Quality",320,1487,122,0.12
"Binned Quality",321,1471,122,0.12
"Binned Quality",322,1496,121,0.12
"Binned Quality",323,1426,121,0.12
"Binned Quality",324,1495,121,0.12
"Binned Quality",325,1471,121,0.12
"Binned Quality",326,1500,120,0.12
"Binned Quality",327,1501,120,0.12
"Binned Quality",328,1487,120,0.12
"Binned Quality",329,1471,120,0.12
"Binned Quality",330,1489,119,0.12
"Binned Quality",331,1489,119,0.12
"Binned Quality",332,1501,119,0.12
"Binned Quality",333,1508,118,0.12
"Binned Quality",334,1508,118,0.12
"Binned Quality",335,1516,118,0.12
"Binned Quality",336,1495,118,0.12
"Binned Quality",337,1516,118,0.12
"Binned Quality",338,1461,117,0.12
"Binned Quality",339,1463,117,0.12
"Binned Quality",340,1491,117,0.12
"Binned Quality",341,1463,116,0.12
"Binned Quality",342,1500,116,0.12
"Binned Quality",343,1511,116,0.12
"Binned Quality",344,1491,116,0.12
"Binned Quality",345,1511,116,0.12
"Binned Quality",346,1471,116,0.12
"Binned Quality",347,1496,115,0.12
"Binned Quality",348,1461,115,0.12
"Binned Quality",349,1510,115,0.12
"Binned Quality",350,1490,115,0.12
"Binned Quality",351,1487,114,0.12
"Binned Quality",352,1520,114,0.12
"Binned Quality",353,1461,114,0.12
"Binned Quality",354,1516,114,0.12
"Binned Quality",355,1484,114,0.12
"Binned Quality",356,1491,113,0.12
"Binned Quality",357,1501,113,0.12
"Binned Quality",358,1471,113,0.12
"Binned Quality",359,1501,113,0.12
"Binned Quality",360,1471,113,0.12
"Binned Quality",361,1511,113,0.12
"Binned Quality",362,1532,112,0.11
"Binned Quality",363,1495,112,0.11
"Binned Quality",364,1461,112,0.11
"Binned Quality",365,1471,112,0.11
"Binned Quality",366,1471,112,0.11
"Binned Quality",367,1500,111,0.11
"Binned Quality",368,1487,111,0.11
"Binned Quality",369,1516,111,0.11
"Binned Quality",370,1463,111,0.11
"Binned Quality",371,1510,111,0.11
"Binned Quality",372,1520,110,0.11
"Binned Quality",373,1461,110,0.11
"Binned Quality",374,1487,109,0.11
"Binned Quality",375,1508,109,0.11
"Binned Quality",376,1510,109,0.11
"Binned Quality",377,1461,109,0.11
"Binned Quality",378,1471,109,0.11
"Binned Quality",379,1487,109,0.11
"Binned Quality",380,1471,109,0.11
"Binned Quality",381,1461,108,0.11
"Binned Quality",382,1516,108,0.11
"Binned Quality",383,1511,108,0.11
"Binned Quality",384,1511,107,0.11
"Binned Quality",385,1532,107,0.11
"Binned Quality",386,1500,107,0.11
"Binned Quality",387,1495,107,0.11
"Binned Quality",388,1426,106,0.11
"Binned Quality",389,1495,106,0.11
"Binned Quality",390,1487,106,0.11
"Binned Quality",391,1461,106,0.11
"Binned Quality",392,1516,106,0.11
"Binned Quality",393,1501,106,0.11
"Binned Quality",394,1471,105,0.11
"Binned Quality",395,1500,105,0.11
"Binned Quality",396,1501,105,0.11
"Binned Quality",397,1426,105,0.11
"Binned Quality",398,1510,105,0.11
"Binned Quality",399,1463,105,0.11
"Binned Quality",400,1463,105,0.11
"Binned Quality",401,1500,105,0.11
"Binned Quality",402,1426,104,0.11
"Binned Quality",403,1495,104,0.11
"Binned Quality",404,1511,103,0.1
"Binned Quality",405,1508,103,0.1
"Binned Quality",406,1516,103,0.1
"Binned Quality",407,1463,103,0.1
"Binned Quality",408,1487,103,0.1
"Binned Quality",409,1501,103,0.1
"Binned Quality",410,1463,102,0.1
"Binned Quality",411,1471,102,0.1
"Binned Quality",412,1495,102,0.1
"Binned Quality",413,1495,102,0.1
"Binned Quality",414,1510,102,0.1
"Binned Quality",415,1491,101,0.1
"Binned Quality",416,1426,100,0.1
"Binned Quality",417,1516,100,0.1
"Binned Quality",418,1495,100,0.1
"Binned Quality",419,1471,100,0.1
"Binned Quality",420,1461,99,0.1
"Binned Quality",421,1532,99,0.1
"Binned Quality",422,1471,99,0.1
"Binned Quality",423,1520,99,0.1
"Binned Quality",424,1471,99,0.1
"Binned Quality",425,1500,98,0.1
"Binned Quality",426,1510,98,0.1
"Binned Quality",427,1463,98,0.1
"Binned Quality",428,1461,98,0.1
"Binned Quality",429,1487,98,0.1
"Binned Quality",430,1487,97,0.1
"Binned Quality",431,1516,97,0.1
"Binned Quality",432,1491,97,0.1
"Binned Quality",433,1532,97,0.1
"Binned Quality",434,1471,97,0.1
"Binned Quality",435,1491,97,0.1
"Binned Quality",436,1511,97,0.1
"Binned Quality",437,1508,96,0.1
"Binned Quality",438,1426,96,0.1
"Binned Quality",439,1501,96,0.1
"Binned Quality",440,1491,95,0.1
"Binned Quality",441,1520,95,0.1
"Binned Quality",442,1461,95,0.1
"Binned Quality",443,1511,95,0.1
"Binned Quality",444,1520,94,0.1
"Binned Quality",445,1461,94,0.1
"Binned Quality",446,1463,94,0.1
"Binned Quality",447,1463,94,0.1
"Binned Quality",448,1471,94,0.1
"Binned Quality",449,1471,94,0.1
"Binned Quality",450,1532,93,0.09
"Binned Quality",451,1426,93,0.09
"Binned Quality",452,1487,93,0.09
"Binned Quality",453,1471,93,0.09
"Binned Quality",454,1516,92,0.09
"Binned Quality",455,1461,92,0.09
"Binned Quality",456,1471,92,0.09
"Binned Quality",457,1511,91,0.09
"Binned Quality",458,1471,91,0.09
"Binned Quality",459,1510,91,0.09
"Binned Quality",460,1501,91,0.09
"Binned Quality",461,1508,91,0.09
"Binned Quality",462,1489,91,0.09
"Binned Quality",463,1495,91,0.09
"Binned Quality",464,1487,90,0.09
"Binned Quality",465,1511,90,0.09
"Binned Quality",466,1511,90,0.09
"Binned Quality",467,1487,89,0.09
"Binned Quality",468,1461,89,0.09
"Binned Quality",469,1508,89,0.09
"Binned Quality",470,1461,88,0.09
"Binned Quality",471,1516,88,0.09
"Binned Quality",472,1500,88,0.09
"Binned Quality",473,1487,88,0.09
"Binned Quality",474,1471,88,0.09
"Binned Quality",475,1508,87,0.09
"Binned Quality",476,1496,87,0.09
"Binned Quality",477,1471,87,0.09
"Binned Quality",478,1471,87,0.09
"Binned Quality",479,1501,86,0.09
"Binned Quality",480,1532,86,0.09
"Binned Quality",481,1510,85,0.09
"Binned Quality",482,1471,85,0.09
"Binned Quality",483,1471,85,0.09
"Binned Quality",484,1471,84,0.09
"Binned Quality",485,1510,84,0.09
"Binned Quality",486,1496,84,0.09
"Binned Quality",487,1496,84,0.09
"Binned Quality",488,1471,84,0.09
"Binned Quality",489,1510,83,0.08
"Binned Quality",490,1471,83,0.08
"Binned Quality",491,1508,83,0.08
"Binned Quality",492,1484,83,0.08
"Binned Quality",493,1532,83,0.08
"Binned Quality",494,1461,82,0.08
"Binned Quality",495,1508,82,0.08
"Binned Quality",496,1508,82,0.08
"Binned Quality",497,1484,82,0.08
"Binned Quality",498,1471,82,0.08
"Binned Quality",499,1532,81,0.08
"Binned Quality",500,1510,81,0.08
"Binned Quality",501,1487,81,0.08
"Binned Quality",502,1471,81,0.08
"Binned Quality",503,1496,80,0.08
"Binned Quality",504,1516,80,0.08
"Binned Quality",505,1471,80,0.08
"Binned Quality",506,1487,80,0.08
"Binned Quality",507,1520,79,0.08
"Binned Quality",508,1461,79,0.08
"Binned Quality",509,1484,79,0.08
"Binned Quality",510,1510,79,0.08
"Binned Quality",511,1508,78,0.08
"Binned Quality",512,1426,78,0.08
"Binned Quality",513,1426,78,0.08
"Binned Quality",514,1471,78,0.08
"Binned Quality",515,1508,77,0.08
"Binned Quality",516,1491,77,0.08
"Binned Quality",517,1508,77,0.08
"Binned Quality",518,1511,77,0.08
"Binned Quality",519,1487,76,0.08
"Binned Quality",520,1520,76,0.08
"Binned Quality",521,1510,76,0.08
"Binned Quality",522,1508,75,0.08
"Binned Quality",523,1491,75,0.08
"Binned Quality",524,1496,75,0.08
"Binned Quality",525,1532,75,0.08
"Binned Quality",526,1501,75,0.08
"Binned Quality",527,1511,75,0.08
"Binned Quality",528,1501,75,0.08
"Binned Quality",529,1510,75,0.08
"Binned Quality",530,1461,74,0.08
"Binned Quality",531,1510,74,0.08
"Binned Quality",532,1487,74,0.08
"Binned Quality",533,1501,74,0.08
"Binned Quality",534,1508,73,0.07
"Binned Quality",535,1426,73,0.07
"Binned Quality",536,1511,73,0.07
"Binned Quality",537,1520,73,0.07
"Binned Quality",538,1511,73,0.07
"Binned Quality",539,1500,72,0.07
"Binned Quality",540,1510,71,0.07
"Binned Quality",541,1471,71,0.07
"Binned Quality",542,1487,71,0.07
"Binned Quality",543,1471,71,0.07
"Binned Quality",544,1471,71,0.07
"Binned Quality",545,1496,71,0.07
"Binned Quality",546,1510,71,0.07
"Binned Quality",547,1511,71,0.07
"Binned Quality",548,1491,71,0.07
"Binned Quality",549,1471,70,0.07
"Binned Quality",550,1500,70,0.07
"Binned Quality",551,1500,70,0.07
"Binned Quality",552,1532,69,0.07
"Binned Quality",553,1532,69,0.07
"Binned Quality",554,1516,69,0.07
"Binned Quality",555,1495,69,0.07
"Binned Quality",556,1471,69,0.07
"Binned Quality",557,1501,69,0.07
"Binned Quality",558,1487,69,0.07
"Binned Quality",559,1471,68,0.07
"Binned Quality",560,1426,68,0.07
"Binned Quality",561,1508,68,0.07
"Binned Quality",562,1500,68,0.07
"Binned Quality",563,1487,68,0.07
"Binned Quality",564,1471,67,0.07
"Binned Quality",565,1500,67,0.07
"Binned Quality",566,1426,67,0.07
"Binned Quality",567,1426,67,0.07
"Binned Quality",568,1471,67,0.07
"Binned Quality",569,1500,67,0.07
"Binned Quality",570,1501,67,0.07
"Binned Quality",571,1496,66,0.07
"Binned Quality",572,1500,66,0.07
"Binned Quality",573,1496,66,0.07
"Binned Quality",574,1516,66,0.07
"Binned Quality",575,1496,66,0.07
"Binned Quality",576,1510,66,0.07
"Binned Quality",577,1491,66,0.07
"Binned Quality",578,1426,65,0.07
"Binned Quality",579,1495,65,0.07
"Binned Quality",580,1471,65,0.07
"Binned Quality",581,1487,65,0.07
"Binned Quality",582,1487,65,0.07
"Binned Quality",583,1487,65,0.07
"Binned Quality",584,1495,65,0.07
"Binned Quality",585,1532,64,0.07
"Binned Quality",586,1496,64,0.07
"Binned Quality",587,1532,64,0.07
"Binned Quality",588,1516,64,0.07
"Binned Quality",589,1511,64,0.07
"Binned Quality",590,1501,64,0.07
"Binned Quality",591,1463,63,0.06
"Binned Quality",592,1500,63,0.06
"Binned Quality",593,1510,63,0.06
"Binned Quality",594,1496,63,0.06
"Binned Quality",595,1516,63,0.06
"Binned Quality",596,1461,63,0.06
"Binned Quality",597,1463,62,0.06
"Binned Quality",598,1463,62,0.06
"Binned Quality",599,1426,62,0.06
"Binned Quality",600,1484,62,0.06
"Binned Quality",601,1489,62,0.06
"Binned Quality",602,1426,62,0.06
"Binned Quality",603,1487,62,0.06
"Binned Quality",604,1516,62,0.06
"Binned Quality",605,1532,61,0.06
"Binned Quality",606,1510,61,0.06
"Binned Quality",607,1471,61,0.06
"Binned Quality",608,1471,61,0.06
"Binned Quality",609,1471,61,0.06
"Binned Quality",610,1461,60,0.06
"Binned Quality",611,1501,60,0.06
"Binned Quality",612,1511,60,0.06
"Binned Quality",613,1500,59,0.06
"Binned Quality",614,1463,59,0.06
"Binned Quality",615,1461,59,0.06
"Binned Quality",616,1516,59,0.06
"Binned Quality",617,1487,59,0.06
"Binned Quality",618,1495,59,0.06
"Binned Quality",619,1471,58,0.06
"Binned Quality",620,1461,58,0.06
"Binned Quality",621,1501,58,0.06
"Binned Quality",622,1490,58,0.06
"Binned Quality",623,1471,57,0.06
"Binned Quality",624,1495,57,0.06
"Binned Quality",625,1463,57,0.06
"Binned Quality",626,1487,57,0.06
"Binned Quality",627,1487,57,0.06
"Binned Quality",628,1495,57,0.06
"Binned Quality",629,1471,57,0.06
"Binned Quality",630,1490,57,0.06
"Binned Quality",631,1516,56,0.06
"Binned Quality",632,1491,56,0.06
"Binned Quality",633,1516,56,0.06
"Binned Quality",634,1500,56,0.06
"Binned Quality",635,1511,56,0.06
"Binned Quality",636,1426,56,0.06
"Binned Quality",637,1516,56,0.06
"Binned Quality",638,1516,56,0.06
"Binned Quality",639,1487,56,0.06
"Binned Quality",640,1510,56,0.06
"Binned Quality",641,1490,56,0.06
"Binned Quality",642,1461,55,0.06
"Binned Quality",643,1510,55,0.06
"Binned Quality",644,1516,55,0.06
"Binned Quality",645,1495,55,0.06
"Binned Quality",646,1520,54,0.06
"Binned Quality",647,1501,53,0.05
"Binned Quality",648,1426,53,0.05
"Binned Quality",649,1520,53,0.05
"Binned Quality",650,1471,52,0.05
"Binned Quality",651,1532,52,0.05
"Binned Quality",652,1496,52,0.05
"Binned Quality",653,1463,52,0.05
"Binned Quality",654,1510,52,0.05
"Binned Quality",655,1487,52,0.05
"Binned Quality",656,1461,52,0.05
"Binned Quality",657,1516,52,0.05
"Binned Quality",658,1495,52,0.05
"Binned Quality",659,1461,51,0.05
"Binned Quality",660,1520,51,0.05
"Binned Quality",661,1516,51,0.05
"Binned Quality",662,1510,51,0.05
"Binned Quality",663,1510,51,0.05
"Binned Quality",664,1489,51,0.05
"Binned Quality",665,1461,51,0.05
"Binned Quality",666,1495,51,0.05
"Binned Quality",667,1500,51,0.05
"Binned Quality",668,1463,50,0.05
"Binned Quality",669,1484,50,0.05
"Binned Quality",670,1461,50,0.05
"Binned Quality",671,1491,50,0.05
"Binned Quality",672,1496,49,0.05
"Binned Quality",673,1461,49,0.05
"Binned Quality",674,1491,49,0.05
"Binned Quality",675,1461,49,0.05
"Binned Quality",676,1491,49,0.05
"Binned Quality",677,1508,49,0.05
"Binned Quality",678,1463,49,0.05
"Binned Quality",679,1532,49,0.05
"Binned Quality",680,1520,48,0.05
"Binned Quality",681,1496,48,0.05
"Binned Quality",682,1532,48,0.05
"Binned Quality",683,1426,48,0.05
"Binned Quality",684,1501,48,0.05
"Binned Quality",685,1471,48,0.05
"Binned Quality",686,1463,48,0.05
"Binned Quality",687,1471,47,0.05
"Binned Quality",688,1491,47,0.05
"Binned Quality",689,1491,47,0.05
"Binned Quality",690,1461,47,0.05
"Binned Quality",691,1487,47,0.05
"Binned Quality",692,1508,47,0.05
"Binned Quality",693,1487,47,0.05
"Binned Quality",694,1508,46,0.05
"Binned Quality",695,1496,46,0.05
"Binned Quality",696,1491,46,0.05
"Binned Quality",697,1508,46,0.05
"Binned Quality",698,1510,46,0.05
"Binned Quality",699,1500,46,0.05
"Binned Quality",700,1461,46,0.05
"Binned Quality",701,1471,46,0.05
"Binned Quality",702,1496,46,0.05
"Binned Quality",703,1461,45,0.05
"Binned Quality",704,1508,45,0.05
"Binned Quality",705,1532,45,0.05
"Binned Quality",706,1500,44,0.04
"Binned Quality",707,1532,43,0.04
"Binned Quality",708,1520,43,0.04
"Binned Quality",709,1532,43,0.04
"Binned Quality",710,1461,43,0.04
"Binned Quality",711,1510,43,0.04
"Binned Quality",712,1491,43,0.04
"Binned Quality",713,1500,43,0.04
"Binned Quality",714,1487,43,0.04
"Binned Quality",715,1487,43,0.04
"Binned Quality",716,1532,42,0.04
"Binned Quality",717,1500,42,0.04
"Binned Quality",718,1487,42,0.04
"Binned Quality",719,1471,42,0.04
"Binned Quality",720,1426,42,0.04
"Binned Quality",721,1471,42,0.04
"Binned Quality",722,1516,41,0.04
"Binned Quality",723,1461,41,0.04
"Binned Quality",724,1489,41,0.04
"Binned Quality",725,1461,41,0.04
"Binned Quality",726,1426,41,0.04
"Binned Quality",727,1510,40,0.04
"Binned Quality",728,1426,40,0.04
"Binned Quality",729,1532,40,0.04
"Binned Quality",730,1463,39,0.04
"Binned Quality",731,1496,39,0.04
"Binned Quality",732,1491,38,0.04
"Binned Quality",733,1532,37,0.04
"Binned Quality",734,1500,37,0.04
"Binned Quality",735,1495,37,0.04
"Binned Quality",736,1487,36,0.04
"Binned Quality",737,1495,36,0.04
"Binned Quality",738,1495,36,0.04
"Binned Quality",739,1426,35,0.04
"Binned Quality",740,1461,34,0.03
"Binned Quality",741,1471,33,0.03
"Binned Quality",742,1511,33,0.03
"Binned Quality",743,1471,33,0.03
"Binned Quality",744,1508,32,0.03
"Binned Quality",745,1461,32,0.03
"Binned Quality",746,1501,32,0.03
"Binned Quality",747,1501,32,0.03
"Binned Quality",748,1511,32,0.03
"Binned Quality",749,1508,31,0.03
"Binned Quality",750,1426,30,0.03
"Binned Quality",751,1500,30,0.03
"Binned Quality",752,1487,30,0.03
"Binned Quality",753,1491,29,0.03
"Binned Quality",754,1471,29,0.03
"Binned Quality",755,1471,27,0.03
"Binned Quality",756,1510,26,0.03
"Binned Quality",757,1496,26,0.03
"Binned Quality",758,1491,26,0.03
"Binned Quality",759,1508,25,0.03
"Binned Quality",760,1471,24,0.02
"Binned Quality",761,1501,23,0.02
"Binned Quality",762,1461,22,0.02
"Binned Quality",763,1471,19,0.02
"Binned Quality",764,1471,19,0.02
